Year,Tag,Count,Total Questions,Percentage
2022,"""python""",1918,6290,30.49
2022,"""javascript""",1239,6290,19.7
2022,"""c#""",469,6290,7.46
2022,"""reactjs""",428,6290,6.8
2022,"""java""",426,6290,6.77
2022,"""android""",433,6290,6.88
2022,"""r""",341,6290,5.42
2022,"""typescript""",318,6290,5.06
2022,"""c++""",309,6290,4.91
2022,"""html""",409,6290,6.5
2023,"""python""",2287,8325,27.47
2023,"""javascript""",1484,8325,17.83
2023,"""c#""",712,8325,8.55
2023,"""reactjs""",761,8325,9.14
2023,"""java""",718,8325,8.62
2023,"""android""",575,8325,6.91
2023,"""r""",396,8325,4.76
2023,"""typescript""",390,8325,4.68
2023,"""c++""",491,8325,5.9
2023,"""html""",511,8325,6.14
2024,"""python""",2790,10445,26.71
2024,"""javascript""",1586,10445,15.18
2024,"""c#""",989,10445,9.47
2024,"""reactjs""",883,10445,8.45
2024,"""java""",854,10445,8.18
2024,"""android""",827,10445,7.92
2024,"""r""",665,10445,6.37
2024,"""typescript""",628,10445,6.01
2024,"""c++""",649,10445,6.21
2024,"""html""",574,10445,5.5
2025,"""python""",2986,11837,25.23
2025,"""javascript""",1691,11837,14.29
2025,"""c#""",1234,11837,10.42
2025,"""reactjs""",1206,11837,10.19
2025,"""java""",1136,11837,9.6
2025,"""android""",940,11837,7.94
2025,"""r""",731,11837,6.18
2025,"""typescript""",665,11837,5.62
2025,"""c++""",674,11837,5.69
2025,"""html""",574,11837,4.85
